City_ID,City,Lat,Lng,Max Temp,Humidity,Cloudiness,Wind Speed,Country,Date
0,pitimbu,-7.4706,-34.8086,79.39,78,12,11.74,BR,1670193717
1,tsabong,-26.0217,22.401,78.4,15,67,22.06,BW,1670193717
2,bredasdorp,-34.5322,20.0403,57.11,71,86,3.42,ZA,1670193717
3,talnakh,69.4865,88.3972,20.21,96,100,7.05,RU,1670193718
4,severo-kurilsk,50.6789,156.125,24.15,63,76,18.07,RU,1670193718
5,cape town,-33.9258,18.4232,63.27,64,0,13.8,ZA,1670193719
6,punta arenas,-53.15,-70.9167,46.51,71,75,29.93,CL,1670193719
7,busselton,-33.65,115.3333,61.11,68,100,13.15,AU,1670193719
8,chuy,-33.6971,-53.4616,66.27,91,6,7.14,UY,1670193720
9,samarinda,-0.5,117.15,73.81,98,100,0.13,ID,1670193720
10,new norfolk,-42.7826,147.0587,53.92,70,100,4.0,AU,1670193721
11,butaritari,3.0707,172.7902,80.46,80,35,12.15,KI,1670193721
12,mettur,11.8,77.8,70.72,94,54,3.22,IN,1670193722
13,tasiilaq,65.6145,-37.6368,26.76,65,6,3.76,GL,1670193722
14,port alfred,-33.5906,26.891,65.17,89,100,10.2,ZA,1670193723
15,santa rosa,14.3122,121.1114,79.09,90,100,8.61,PH,1670193723
16,kapaa,22.0752,-159.319,80.58,71,21,5.99,US,1670193724
17,ushuaia,-54.8,-68.3,49.62,66,40,17.27,AR,1670193481
18,narsaq,60.9167,-46.05,14.22,60,37,8.03,GL,1670193724
19,clyde river,70.4692,-68.5914,5.23,85,100,25.32,CA,1670193725
20,mataura,-46.1927,168.8643,50.49,68,100,2.73,NZ,1670193726
21,aragarcas,-15.8975,-52.2508,72.5,95,100,4.85,BR,1670193726
22,mar del plata,-38.0023,-57.5575,73.42,71,0,10.0,AR,1670193727
23,cidreira,-30.1811,-50.2056,71.92,94,65,3.13,BR,1670193728
24,atuona,-9.8,-139.0333,77.31,80,13,18.12,PF,1670193728
25,jamestown,42.097,-79.2353,33.39,49,0,9.22,US,1670193461
26,prince rupert,54.3161,-130.3201,35.29,70,0,8.05,CA,1670193729
27,marsh harbour,26.5412,-77.0636,73.98,62,16,11.7,BS,1670193729
28,sitka,57.0531,-135.33,35.49,75,0,5.75,US,1670193730
29,albany,42.6001,-73.9662,33.46,70,70,3.56,US,1670193730
30,ribeira grande,38.5167,-28.7,59.77,77,99,8.01,PT,1670193731
31,bengkulu,-3.8004,102.2655,73.98,90,100,3.29,ID,1670193731
32,sibolga,1.7427,98.7792,74.68,92,100,2.15,ID,1670193732
33,asfi,32.2994,-9.2372,67.48,64,100,20.4,MA,1670193732
34,hermanus,-34.4187,19.2345,52.81,74,56,4.27,ZA,1670193733
35,bluff,-46.6,168.3333,50.81,66,100,7.02,NZ,1670193472
36,aklavik,68.2191,-135.0107,-11.99,99,99,8.12,CA,1670193733
37,barrow,71.2906,-156.7887,21.22,86,100,21.85,US,1670193734
38,mahebourg,-20.4081,57.7,77.29,78,40,8.05,MU,1670193735
39,perth,-31.9333,115.8333,67.66,73,20,9.22,AU,1670193452
40,haapiti,-17.5667,-149.8667,85.73,76,6,14.79,PF,1670193735
41,margate,51.3813,1.3862,42.31,84,100,5.99,GB,1670193602
42,santiago del estero,-27.7951,-64.2615,88.57,20,24,4.34,AR,1670193736
43,belaya gora,68.5333,146.4167,-33.77,100,100,2.93,RU,1670193736
44,mantua,45.1667,10.7833,49.24,91,87,7.0,IT,1670193737
45,nishihara,26.1842,127.7558,70.88,95,75,4.61,JP,1670193737
46,namanyere,-7.5167,31.05,59.95,94,100,4.23,TZ,1670193738
47,qaanaaq,77.484,-69.3632,-1.7,67,46,7.76,GL,1670193738
48,arraial do cabo,-22.9661,-42.0278,75.06,78,0,16.11,BR,1670193739
49,moa,20.6569,-74.9403,77.14,62,41,13.22,CU,1670193739
50,rikitea,-23.1203,-134.9692,75.29,82,75,14.0,PF,1670193740
51,kasempa,-13.4584,25.8338,65.3,54,88,4.52,ZM,1670193740
52,kruisfontein,-34.0033,24.7314,59.88,80,75,6.96,ZA,1670193741
53,tuktoyaktuk,69.4541,-133.0374,-16.6,83,20,10.36,CA,1670193741
54,cherskiy,68.75,161.3,-30.42,100,27,4.07,RU,1670193742
55,nyanza,-2.3519,29.7509,56.07,92,100,4.14,RW,1670193742
56,port-gentil,-0.7193,8.7815,78.76,94,20,4.61,GA,1670193742
57,pevek,69.7008,170.3133,2.53,95,100,11.05,RU,1670193743
58,victoria,22.2855,114.1577,65.25,79,100,15.01,HK,1670193707
59,yellowknife,62.456,-114.3525,-3.48,65,75,12.66,CA,1670193743
60,alice springs,-23.7,133.8833,80.15,22,0,0.0,AU,1670193744
61,ancud,-41.8697,-73.8203,56.5,87,98,12.12,CL,1670193744
62,hobyo,5.3505,48.5268,79.02,73,68,17.72,SO,1670193745
63,kodiak,57.79,-152.4072,36.91,87,100,4.61,US,1670193745
64,georgetown,5.4112,100.3354,80.24,91,20,8.05,MY,1670193745
65,krasnomayskiy,57.6194,34.4099,20.3,84,100,8.86,RU,1670193746
66,luderitz,-26.6481,15.1594,60.64,69,3,18.5,NA,1670193746
67,saint-augustin,51.226,-58.6502,34.75,98,99,9.04,CA,1670193747
68,kidal,18.4411,1.4078,77.04,16,57,11.88,ML,1670193747
69,hilo,19.7297,-155.09,79.61,75,100,5.75,US,1670193589
70,tavira,37.1273,-7.6486,55.27,85,100,16.08,PT,1670193748
71,westport,41.1415,-73.3579,42.21,53,0,3.44,US,1670193748
72,te anau,-45.4167,167.7167,59.05,74,94,5.97,NZ,1670193748
73,hithadhoo,-0.6,73.0833,81.61,76,100,10.54,MV,1670193749
74,basudebpur,21.1353,86.7386,63.07,53,2,7.18,IN,1670193749
75,southbridge,42.0751,-72.0334,37.26,67,100,1.66,US,1670193750
76,hobart,-42.8794,147.3294,54.27,95,75,21.85,AU,1670193682
77,tiksi,71.6872,128.8694,-6.16,97,100,10.27,RU,1670193750
78,peniche,39.3558,-9.3811,57.11,88,99,17.49,PT,1670193751
79,xuddur,4.1213,43.8894,71.91,78,48,10.67,SO,1670193751
80,nizhnyaya tura,58.6293,59.8118,13.91,96,100,5.7,RU,1670193752
81,talara,-4.5772,-81.2719,75.96,64,0,10.36,PE,1670193752
82,lorengau,-2.0226,147.2712,81.0,80,100,4.41,PG,1670193753
83,cabo san lucas,22.8909,-109.9124,85.3,61,0,0.0,MX,1670193569
84,cubara,7.0008,-72.1085,72.57,96,82,2.1,CO,1670193753
85,carnarvon,-24.8667,113.6333,70.59,75,34,16.31,AU,1670193753
86,vaini,-21.2,-175.2,78.96,89,75,11.5,TO,1670193754
87,artyom,40.4723,50.333,35.74,55,100,10.89,AZ,1670193754
88,henties bay,-22.116,14.2845,58.41,91,2,8.25,NA,1670193755
89,zhengjiatun,43.5064,123.5064,9.41,57,0,7.2,CN,1670193755
90,puerto ayora,-0.7393,-90.3518,78.76,88,76,5.99,EC,1670193755
91,kirakira,-10.4544,161.9205,82.35,78,100,10.13,SB,1670193756
92,upernavik,72.7868,-56.1549,20.82,66,98,6.93,GL,1670193756
93,geraldton,-28.7667,114.6,64.81,88,5,9.22,AU,1670193757
94,moree,-29.4667,149.85,76.82,43,0,5.75,AU,1670193757
95,lebu,-37.6167,-73.65,58.71,80,0,13.49,CL,1670193758
96,kavieng,-2.5744,150.7967,80.38,78,100,9.46,PG,1670193758
97,itoman,26.1247,127.6694,71.62,92,75,4.61,JP,1670193758
98,lavrentiya,65.5833,-171.0,32.52,98,100,31.61,RU,1670193759
99,surt,31.2089,16.5887,68.29,51,47,5.44,LY,1670193759
100,avarua,-21.2078,-159.775,82.45,83,100,9.22,CK,1670193760
101,samarkand,39.6542,66.9597,27.82,93,100,2.3,UZ,1670193760
102,namibe,-15.1961,12.1522,69.21,84,95,6.89,AO,1670193760
103,berlevag,70.8578,29.0864,22.95,74,20,13.8,NO,1670193761
104,leningradskiy,69.3833,178.4167,12.87,93,100,9.62,RU,1670193761
105,lokosovo,61.1333,74.8167,-10.12,100,91,1.68,RU,1670193762
106,chifeng,42.2683,118.9636,9.97,44,0,6.78,CN,1670193553
107,pangnirtung,66.1451,-65.7125,29.75,81,100,12.37,CA,1670193762
108,castro,-24.7911,-50.0119,65.64,97,100,4.12,BR,1670193763
109,burnie,-41.0667,145.9167,66.94,62,19,6.15,AU,1670193763
110,ponta do sol,32.6667,-17.1,64.0,83,99,18.61,PT,1670193764
111,mandalgovi,45.7625,106.2708,1.62,50,4,5.77,MN,1670193764
112,riberalta,-10.9833,-66.1,86.2,62,75,11.5,BO,1670193765
113,tuatapere,-46.1333,167.6833,55.87,75,100,5.35,NZ,1670193765
114,hambantota,6.1241,81.1185,75.97,87,100,5.06,LK,1670193766
115,malanje,-9.5402,16.341,62.78,99,100,2.68,AO,1670193766
116,nikolskoye,59.7035,30.7861,24.69,95,100,8.03,RU,1670193766
117,naryan-mar,67.6713,53.087,5.49,88,5,8.57,RU,1670193767
118,jimma,7.6667,36.8333,60.08,75,67,0.67,ET,1670193767
119,tete,-16.1564,33.5867,87.89,51,0,6.91,MZ,1670193768
120,guerrero negro,27.9769,-114.0611,67.32,77,100,13.04,MX,1670193768
121,eyl,7.9803,49.8164,75.07,73,97,16.13,SO,1670193769
122,palu,-0.8917,119.8707,77.31,90,98,2.28,ID,1670193769
123,manakara,-22.1333,48.0167,73.47,87,100,4.54,MG,1670193770
124,isangel,-19.55,169.2667,87.91,74,100,6.91,VU,1670193770
125,korla,41.7597,86.1469,20.79,37,66,1.59,CN,1670193770
126,thompson,55.7435,-97.8558,-16.44,76,20,6.91,CA,1670193771
127,phibun mangsahan,15.2447,105.2291,71.58,87,97,7.43,TH,1670193771
128,fare,-16.7,-151.0167,80.13,73,4,13.91,PF,1670193772
129,rezekne,56.5,27.3167,22.17,89,100,9.64,LV,1670193772
130,dikson,73.5069,80.5464,28.69,86,100,21.05,RU,1670193773
131,la seyne-sur-mer,43.0982,5.8847,52.88,89,54,1.01,FR,1670193773
132,hervey bay,-25.2986,152.8535,74.21,70,31,10.49,AU,1670193774
133,manaus,-3.1019,-60.025,88.29,58,20,5.75,BR,1670193492
134,aykhal,66.0,111.5,-14.73,97,100,23.87,RU,1670193774
135,sept-iles,50.2001,-66.3821,23.0,58,20,10.36,CA,1670193742
136,rio gallegos,-51.6226,-69.2181,64.45,20,20,37.98,AR,1670193775
137,camacha,33.0833,-16.3333,60.22,72,40,19.57,PT,1670193775
138,chambersburg,39.9376,-77.6611,37.35,65,39,3.0,US,1670193581
139,cayenne,4.9333,-52.3333,77.04,94,0,2.3,GF,1670193776
140,mnogovershinnyy,53.9353,139.9242,-16.51,87,97,6.73,RU,1670193776
141,torbay,47.6666,-52.7314,36.57,87,75,24.16,CA,1670193777
142,novokizhinginsk,51.6115,109.5917,2.97,89,95,13.29,RU,1670193777
143,puerto del rosario,28.5004,-13.8627,67.75,77,20,14.97,ES,1670193777
144,vao,-22.6667,167.4833,77.38,88,99,19.91,NC,1670193778
145,provideniya,64.3833,-173.3,33.91,93,100,22.37,RU,1670193778
146,adrar,20.5022,-10.0711,74.07,20,48,2.44,MR,1670193778
147,esperance,-33.8667,121.9,62.49,77,95,13.04,AU,1670193779
148,takoradi,4.8845,-1.7554,79.63,84,88,9.66,GH,1670193779
149,srednekolymsk,67.45,153.6833,-47.0,100,63,2.77,RU,1670193780
150,port hedland,-20.3167,118.5667,80.65,44,17,9.22,AU,1670193780
151,allapalli,19.4167,80.0667,60.01,72,13,2.06,IN,1670193780
152,anchorage,61.2181,-149.9003,25.63,90,100,4.61,US,1670193586
153,north branch,45.5113,-92.9802,34.09,63,1,1.99,US,1670193781
154,tautira,-17.7333,-149.15,79.18,80,41,15.14,PF,1670193781
155,jalingo,8.8833,11.3667,78.62,24,18,4.27,NG,1670193782
156,lagoa,39.05,-27.9833,59.41,70,100,9.89,PT,1670193782
157,inhambane,-23.865,35.3833,77.07,88,0,9.13,MZ,1670193783
158,taltal,-25.4,-70.4833,66.52,70,23,3.58,CL,1670193783
159,nyanguge,-2.55,33.2,71.65,74,100,7.2,TZ,1670193784
160,maraa,-1.8333,-65.3667,79.48,79,96,2.55,BR,1670193784
161,karratha,-20.7377,116.8463,85.59,40,2,11.97,AU,1670193784
162,kardla,58.9978,22.7492,30.29,87,98,6.42,EE,1670193785
163,anadyr,64.75,177.4833,10.9,84,20,26.84,RU,1670193786
164,ketchikan,55.3422,-131.6461,35.58,69,0,16.11,US,1670193786
165,boyolangu,-8.1181,111.8935,76.69,88,92,2.19,ID,1670193787
166,ust-tsilma,65.441,52.1498,-9.83,100,21,2.51,RU,1670193787
167,kailua,21.4022,-157.7394,80.91,75,53,1.99,US,1670193787
168,izhma,65.0083,53.9113,-10.07,99,13,2.39,RU,1670193788
169,turukhansk,65.8167,87.9833,7.83,96,100,9.22,RU,1670193788
170,svencioneliai,55.1667,26.0,23.4,88,100,9.04,LT,1670193789
171,godda,24.8333,87.2167,56.21,41,0,3.4,IN,1670193789
172,fortuna,40.5982,-124.1573,54.99,88,75,11.5,US,1670193547
173,avera,33.194,-82.5271,60.39,57,100,6.91,US,1670193790
174,imbituba,-28.24,-48.6703,72.93,98,95,5.86,BR,1670193791
175,yar-sale,66.8333,70.8333,16.36,88,57,11.95,RU,1670193791
176,ngunguru,-35.6167,174.5,64.94,62,0,7.92,NZ,1670193791
177,port elizabeth,-33.918,25.5701,62.1,97,100,6.91,ZA,1670193792
178,grindavik,63.8424,-22.4338,37.87,93,75,10.36,IS,1670193792
179,college,64.8569,-147.8028,17.55,85,75,0.0,US,1670193793
180,pangody,65.85,74.4859,22.57,94,100,15.14,RU,1670193793
181,bahia blanca,-38.7196,-62.2724,74.28,33,4,1.99,AR,1670193610
182,swan hill,-35.3378,143.5544,67.55,55,100,14.23,AU,1670193794
183,faridpur,23.6,89.8333,64.45,70,0,6.96,BD,1670193794
184,bodden town,19.2833,-81.25,82.4,65,40,13.8,KY,1670193795
185,leua,48.2156,18.6071,45.5,81,100,12.62,SK,1670193795
186,banepa,27.6298,85.5214,44.92,93,20,2.3,NP,1670193796
187,machali,-34.1833,-70.6667,85.28,30,0,6.91,CL,1670193796
188,longyearbyen,78.2186,15.6401,31.84,93,100,4.61,SJ,1670193708
189,linxia,35.6003,103.2064,21.79,56,0,1.43,CN,1670193797
190,tual,-5.6667,132.75,82.29,73,97,2.66,ID,1670193797
191,kota tinggi,1.7381,103.8999,79.29,95,100,0.65,MY,1670193798
192,albion,42.2431,-84.753,33.98,51,0,6.91,US,1670193536
193,aginskoye,51.1,114.53,3.07,79,16,18.99,RU,1670193798
194,buzmeyin,38.0507,58.2056,26.33,93,100,6.91,TM,1670193799
195,saquena,-4.6667,-73.5167,81.77,67,90,0.96,PE,1670193799
196,souillac,-20.5167,57.5167,77.38,78,40,8.05,MU,1670193800
197,san quintin,30.4833,-115.95,64.06,75,100,14.58,MX,1670193800
198,amilly,47.9728,2.7719,40.14,87,100,1.48,FR,1670193801
199,khatanga,71.9667,102.5,-0.65,97,100,7.14,RU,1670193802
200,olafsvik,64.8945,-23.7142,42.96,75,95,5.06,IS,1670193802
201,klaksvik,62.2266,-6.589,40.12,76,77,12.12,FO,1670193803
202,caravelas,-17.7125,-39.2481,74.19,74,100,8.14,BR,1670193803
203,port augusta,-32.5,137.7667,70.0,55,81,18.28,AU,1670193803
204,kaka,37.3482,59.6143,32.16,46,76,4.65,TM,1670193804
205,neiafu,-18.65,-173.9833,84.88,79,20,9.22,TO,1670193804
206,rawson,-43.3002,-65.1023,75.38,27,9,3.2,AR,1670193805
207,nuuk,64.1835,-51.7216,31.87,79,100,28.99,GL,1670193778
208,cartagena,10.3997,-75.5144,82.02,74,40,9.22,CO,1670193601
209,bobo dioulasso,11.1771,-4.2979,81.05,41,0,8.05,BF,1670193806
210,port lincoln,-34.7333,135.8667,61.83,61,100,16.4,AU,1670193806
211,husavik,66.0449,-17.3389,32.74,71,81,11.3,IS,1670193807
212,bilibino,68.0546,166.4372,-15.57,100,100,1.86,RU,1670193807
213,dingle,10.9995,122.6711,75.74,93,100,8.19,PH,1670193808
214,pultusk,52.7025,21.0828,34.83,96,100,13.27,PL,1670193808
215,forest grove,45.5198,-123.1107,35.51,85,100,0.0,US,1670193808
216,saldanha,-33.0117,17.9442,57.25,80,1,16.13,ZA,1670193525
217,massakory,12.996,15.7293,75.9,13,0,12.3,TD,1670193809
218,barcelos,41.5388,-8.6151,50.14,88,10,6.53,PT,1670193709
219,santa maria del oro,25.9333,-105.3667,78.76,25,77,6.69,MX,1670193810
220,mampong,7.0627,-1.4001,74.16,81,88,5.28,GH,1670193810
221,kaeo,-35.1,173.7833,68.94,54,0,7.18,NZ,1670193810
222,itarema,-2.9248,-39.9167,79.5,74,60,16.42,BR,1670193811
223,linhai,28.85,121.1167,45.93,86,100,4.7,CN,1670193811
224,ahipara,-35.1667,173.1667,66.78,59,0,4.54,NZ,1670193812
225,kushima,31.4583,131.2333,51.6,93,100,7.05,JP,1670193560
226,vardo,70.3705,31.1107,26.58,74,100,10.36,NO,1670193812
227,umm kaddadah,13.6017,26.6876,68.11,33,87,13.62,SD,1670193813
228,coihaique,-45.5752,-72.0662,53.55,71,100,3.44,CL,1670193813
229,mehamn,71.0357,27.8492,22.91,79,0,11.5,NO,1670193814
230,nayoro,44.3506,142.4578,18.61,91,95,13.13,JP,1670193814
231,pochutla,15.7432,-96.4661,85.82,57,0,4.56,MX,1670193814
232,kingsville,27.5159,-97.8561,69.98,85,100,5.75,US,1670193631
233,portland,45.5234,-122.6762,36.18,92,100,7.0,US,1670193543
234,pathalgaon,22.5667,83.4667,57.34,52,1,4.32,IN,1670193815
235,tefe,-3.3542,-64.7114,80.71,83,20,3.44,BR,1670193816
236,laguna,38.421,-121.4238,61.07,83,100,3.44,US,1670193816
237,soyo,-6.1349,12.3689,77.85,86,100,6.17,AO,1670193816
238,lasa,46.6166,10.7002,41.88,97,90,4.56,IT,1670193817
239,springfield,37.2153,-93.2982,46.22,55,100,5.75,US,1670193522
240,maputo,-25.9653,32.5892,78.48,83,75,6.91,MZ,1670193817
241,bandar-e anzali,37.4727,49.4622,42.91,82,100,3.56,IR,1670193818
242,piacabucu,-10.4056,-36.4344,75.56,86,51,12.03,BR,1670193818
243,belmonte,-15.8631,-38.8828,74.37,83,100,9.75,BR,1670193819
244,birao,10.2849,22.7882,73.08,29,73,6.8,CF,1670193819
245,dillon,34.4166,-79.3712,57.18,62,99,7.34,US,1670193820
246,trelew,-43.249,-65.3051,81.41,15,7,10.87,AR,1670193678
247,xingtai,37.0631,114.4942,26.82,38,3,1.19,CN,1670193820
248,rabo de peixe,37.8,-25.5833,56.71,97,20,9.22,PT,1670193821
249,gari,59.4307,62.3497,5.45,100,99,4.54,RU,1670193821
250,sao filipe,14.8961,-24.4956,72.03,64,92,3.65,CV,1670193821
251,bintulu,3.1667,113.0333,75.61,100,20,3.44,MY,1670193706
252,george,-33.963,22.4617,56.75,82,40,5.75,ZA,1670193822
253,port hardy,50.6996,-127.4199,35.78,80,20,2.3,CA,1670193740
254,nowy tomysl,52.3195,16.1284,37.26,94,86,10.83,PL,1670193822
255,bambous virieux,-20.3428,57.7575,77.25,78,40,8.05,MU,1670193823
256,lewistown,40.5992,-77.5714,36.81,78,0,0.0,US,1670193702
257,pantelho,16.9333,-92.55,62.44,79,7,3.78,MX,1670193823
258,makinsk,52.6292,70.4169,-15.09,99,68,5.1,KZ,1670193824
259,ilulissat,69.2167,-51.1,35.62,60,100,8.05,GL,1670193824
260,mulchen,-37.7167,-72.2333,76.89,29,2,7.58,CL,1670193825
261,veraval,20.9,70.3667,71.85,36,4,12.19,IN,1670193825
262,padang,-0.9492,100.3543,75.42,87,100,3.96,ID,1670193826
263,aktash,50.3,87.7333,-0.53,83,81,3.83,RU,1670193826
264,timra,62.487,17.3257,13.68,92,100,4.61,SE,1670193827
265,honiara,-9.4333,159.95,81.73,79,100,6.08,SB,1670193827
266,ornes,66.8689,13.7078,37.36,90,100,13.09,NO,1670193827
267,tolaga bay,-38.3667,178.3,70.39,53,17,9.19,NZ,1670193828
268,bandarbeyla,9.4942,50.8122,76.14,71,50,17.07,SO,1670193828
269,tromso,69.6496,18.957,29.37,93,75,20.71,NO,1670193829
270,selfoss,63.9331,-20.9971,37.04,85,25,4.9,IS,1670193829
271,forbes,-33.3833,148.0167,76.33,33,13,12.57,AU,1670193830
272,lompoc,34.6391,-120.4579,65.93,73,0,5.75,US,1670193608
273,fort collins,40.5853,-105.0844,54.37,47,0,6.91,US,1670193755
274,saint-philippe,-21.3585,55.7679,72.99,83,74,7.94,RE,1670193830
275,flinders,-34.5833,150.8552,79.05,50,4,7.52,AU,1670193831
276,cockburn town,21.4612,-71.1419,75.16,64,75,12.66,TC,1670193831
277,tecoanapa,16.5167,-98.75,83.01,59,0,7.0,MX,1670193832
278,karoi,-16.8099,29.6925,70.88,42,19,3.04,ZW,1670193832
279,puerto madryn,-42.7692,-65.0385,72.3,32,8,18.14,AR,1670193761
280,omsukchan,62.5333,155.8,-8.25,99,100,2.82,RU,1670193833
281,bereda,43.2686,-7.5406,44.42,100,96,1.7,ES,1670193833
282,hvolsvollur,63.7533,-20.2243,36.27,69,25,8.14,IS,1670193834
283,sosnovo-ozerskoye,52.5249,111.5418,-3.33,95,76,15.28,RU,1670193834
284,high level,58.5169,-117.136,12.31,52,40,12.66,CA,1670193834
285,sorong,-0.8833,131.25,79.7,83,100,5.73,ID,1670193835
286,alta floresta,-9.8756,-56.0861,71.56,98,94,3.29,BR,1670193835
287,havoysund,70.9963,24.6622,28.63,80,19,10.87,NO,1670193836
288,jalu,29.0331,21.5482,60.35,51,5,9.71,LY,1670193836
289,bermejillo,25.8833,-103.6167,83.03,33,62,5.46,MX,1670193837
290,florencia,43.7667,11.25,56.35,94,75,8.05,IT,1670193752
291,svetlogorsk,52.6333,29.7333,17.69,80,100,9.62,BY,1670193837
292,hasaki,35.7333,140.8333,46.8,75,100,21.85,JP,1670193838
293,ruwi,23.5996,58.5507,71.29,60,0,2.35,OM,1670193838
294,alofi,-19.0595,-169.9187,85.89,70,73,8.05,NU,1670193839
295,bethel,41.3712,-73.414,39.65,61,0,0.0,US,1670193658
296,mayang imphal,24.6167,93.8833,54.55,96,6,1.59,IN,1670193839
297,bang saphan,11.2126,99.5117,75.99,93,100,6.96,TH,1670193840
298,galich,58.3797,42.3475,8.19,91,69,4.5,RU,1670193840
299,eisenerz,47.5333,14.8833,38.08,95,99,6.17,AT,1670193841
300,taksimo,56.3444,114.8794,-7.22,89,100,3.65,RU,1670193841
301,norman wells,65.282,-126.8329,-7.56,77,20,2.3,CA,1670193842
302,agustin codazzi,10.0341,-73.2361,87.78,79,80,3.74,CO,1670193842
303,arys,42.4252,68.795,21.96,52,100,4.36,KZ,1670193842
304,hamza,40.4264,71.4956,35.55,94,100,0.98,UZ,1670193843
305,muli,2.9167,73.5667,79.16,80,100,8.5,MV,1670193844
306,sembe,1.6481,14.5806,73.92,85,88,2.3,CG,1670193844
307,mana,5.6592,-53.7767,75.31,90,99,3.2,GF,1670193845
308,fougamou,-1.2154,10.5838,73.36,97,69,0.4,GA,1670193845
309,sur,22.5667,59.5289,73.65,57,0,6.08,OM,1670193846
310,bredy,52.4153,60.3411,11.95,95,100,7.7,RU,1670193846
311,villa carlos paz,-31.4241,-64.4978,94.39,22,6,3.31,AR,1670193847
312,aswan,24.0934,32.907,61.9,48,0,5.75,EG,1670193847
313,doha,25.2867,51.5333,73.38,68,0,3.44,QA,1670193715
314,edd,13.9297,41.6925,79.27,57,4,16.4,ER,1670193848
315,anaco,9.4389,-64.4728,71.94,89,64,5.26,VE,1670193848
316,matamoros,25.5333,-103.25,83.1,33,48,2.75,MX,1670193849
317,safford,32.834,-109.7076,57.11,100,100,8.05,US,1670193849
318,jacksonville,30.3322,-81.6556,73.62,81,75,10.36,US,1670193167
319,port-cartier,50.0334,-66.8654,22.68,85,12,8.61,CA,1670193850
320,igarka,67.4667,86.5833,24.21,94,100,16.08,RU,1670193850
321,tabou,4.423,-7.3528,78.96,85,61,6.76,CI,1670193850
322,sawakin,19.1059,37.3321,79.63,76,16,9.35,SD,1670193851
323,ronneby,56.21,15.276,37.9,100,100,11.5,SE,1670193852
324,krasnoselkup,65.7,82.4667,16.36,95,100,13.76,RU,1670193852
325,havelock,34.8791,-76.9013,50.0,75,0,10.36,US,1670193853
326,okhotsk,59.3833,143.3,-25.53,85,15,12.73,RU,1670193853
327,pavlodar,52.3,76.95,-4.2,77,100,8.95,KZ,1670193854
328,ambilobe,-13.2,49.05,73.2,88,28,3.74,MG,1670193854
329,sebastian,35.1668,-94.2669,39.07,88,100,3.11,US,1670193854
330,chapais,49.7834,-74.8492,11.98,95,100,9.04,CA,1670193855
331,qaqortoq,60.7167,-46.0333,16.3,63,40,8.77,GL,1670193855
332,mackenzie,55.2999,-123.1698,7.02,78,100,6.91,CA,1670193611
333,fort nelson,58.8053,-122.7002,18.99,55,100,6.91,CA,1670193713
334,basoko,1.2391,23.616,70.68,93,84,3.76,CD,1670193856
335,constitucion,-35.3333,-72.4167,62.17,65,1,16.24,CL,1670193657
336,faanui,-16.4833,-151.75,80.35,76,13,14.74,PF,1670193857
337,ostrovnoy,68.0531,39.5131,22.53,89,97,14.47,RU,1670193857
338,barra do garcas,-15.89,-52.2567,72.45,95,100,4.83,BR,1670193858
339,pilar,-9.5972,-35.9567,73.33,91,44,6.73,BR,1670193858
340,syumsi,57.1111,51.6149,1.96,95,71,4.85,RU,1670193859
341,lata,40.1629,-8.3327,55.81,81,90,5.97,PT,1670193859
342,touros,-5.1989,-35.4608,78.69,75,64,14.14,BR,1670193859
343,gilgit,35.9221,74.3087,39.69,48,100,1.16,PK,1670193860
344,sabang,5.8933,95.3214,80.91,76,100,13.02,ID,1670193860
345,tezu,27.9167,96.1667,60.22,33,0,4.76,IN,1670193861
346,antofagasta,-23.65,-70.4,65.48,73,8,3.87,CL,1670193857
347,sondrio,46.169,9.8692,49.08,99,100,3.27,IT,1670193862
348,chokurdakh,70.6333,147.9167,-39.93,100,45,3.8,RU,1670193862
349,santa maria,-29.6842,-53.8069,69.1,100,40,3.44,BR,1670193863
350,balakhta,55.38,91.6,-13.23,100,39,0.98,RU,1670193863
351,russell,32.3502,-85.1999,65.8,72,0,6.91,US,1670193864
352,bud,39.447,-86.1758,38.68,42,3,6.2,US,1670193864
353,kaitangata,-46.2817,169.8464,52.75,65,100,1.66,NZ,1670193864
354,shetpe,44.1667,52.1167,15.98,59,0,6.33,KZ,1670193865
355,vavoua,7.3819,-6.4778,72.73,90,73,2.28,CI,1670193865
356,vila velha,-20.3297,-40.2925,71.55,97,75,2.3,BR,1670193866
357,kurilsk,45.2333,147.8833,25.72,75,100,27.81,RU,1670193866
358,taihe,30.8712,105.3845,43.25,89,74,1.52,CN,1670193867
359,maldonado,-34.6667,-54.9167,74.59,87,0,8.3,UY,1670193867
360,cangucu,-31.395,-52.6756,72.61,93,73,7.63,BR,1670193867
361,maceio,-9.6658,-35.7353,74.64,94,75,5.75,BR,1670193868
362,charlestown,-32.95,151.6667,75.11,69,5,5.01,AU,1670193868
363,jobner,26.9667,75.3833,54.82,36,0,5.12,IN,1670193869
364,talas,38.6908,35.5538,30.87,93,20,2.3,TR,1670193869
365,burns lake,54.2331,-125.7533,8.02,82,6,2.44,CA,1670193870
366,cordoba,-31.4135,-64.1811,97.75,14,20,10.36,AR,1670193696
367,buritizeiro,-17.3511,-44.9622,70.72,89,100,2.71,BR,1670193870
368,north bend,43.4065,-124.2243,53.24,89,100,6.91,US,1670193871
369,istmina,5.1605,-76.684,72.12,97,94,3.33,CO,1670193871
370,asau,46.4333,26.4,27.52,98,100,3.56,RO,1670193872
371,maltahohe,-24.8333,16.9833,67.57,21,35,11.72,NA,1670193872
372,nalut,30.3333,10.85,63.16,24,1,9.33,LY,1670193872
373,valdosta,30.8327,-83.2785,71.55,72,20,5.75,US,1670193873
374,altus,34.6381,-99.334,60.31,56,0,6.91,US,1670193873
375,champerico,14.3,-91.9167,84.74,75,0,5.41,GT,1670193874
376,pitiquito,30.7,-112.0833,70.77,68,100,3.13,MX,1670193874
377,vila franca do campo,37.7167,-25.4333,57.61,79,45,7.34,PT,1670193874
378,ballina,-28.8667,153.5667,74.79,83,48,7.67,AU,1670193875
379,marienburg,54.0359,19.0266,33.89,89,100,8.23,PL,1670193875
380,esik,43.3552,77.4525,13.42,95,100,0.74,KZ,1670193876
381,saskylakh,71.9167,114.0833,-9.45,96,100,15.68,RU,1670193876
382,sao joao da barra,-21.6403,-41.0511,75.29,87,100,20.33,BR,1670193876
383,grootfontein,-19.5667,18.1167,78.62,31,71,5.03,NA,1670193877
384,yulara,-25.2406,130.9889,89.82,14,2,17.11,AU,1670193877
385,pasni,25.2631,63.471,71.82,61,0,6.85,PK,1670193878
386,dunedin,-45.8742,170.5036,53.8,69,98,8.01,NZ,1670193721
387,pathein,16.7833,94.7333,74.39,86,92,5.1,MM,1670193878
388,juneau,58.3019,-134.4197,31.21,80,20,3.44,US,1670193879
389,ixhuatan,16.3569,-94.4825,79.88,67,7,17.47,MX,1670193879
390,arlit,18.7369,7.3853,77.67,17,78,7.83,NE,1670193880
391,ushtobe,45.2514,77.9838,13.06,92,100,1.63,KZ,1670193880
392,katima mulilo,-17.5,24.2667,77.27,31,8,4.18,NA,1670193880
393,altay,47.8667,88.1167,18.18,88,100,2.26,CN,1670193881
394,saint-pierre,-21.3393,55.4781,73.9,64,0,5.75,RE,1670193881
395,port macquarie,-31.4333,152.9167,74.89,61,14,7.05,AU,1670193857
396,bonfim,3.0833,-59.95,73.53,94,100,2.93,BR,1670193882
397,goderich,43.7501,-81.7165,36.91,55,28,17.27,CA,1670193829
398,kitimat,54.0524,-128.6534,17.98,71,1,5.86,CA,1670193790
399,inirida,3.8653,-67.9239,74.98,92,71,0.45,CO,1670193883
400,clonakilty,51.6231,-8.8706,40.21,82,87,19.37,IE,1670193883
401,saint george,37.1041,-113.5841,61.95,46,0,3.0,US,1670193884
402,chibombo,-14.6569,28.0706,70.2,42,81,4.38,ZM,1670193884
403,east london,-33.0153,27.9116,67.91,90,100,17.52,ZA,1670193884
404,roald,62.5833,6.1333,38.75,75,75,10.36,NO,1670193885
405,formosa do rio preto,-11.0483,-45.1931,69.49,95,77,3.94,BR,1670193885
406,pucallpa,-8.3791,-74.5539,86.04,58,20,6.91,PE,1670193886
407,shingu,33.7333,135.9833,49.23,63,81,4.79,JP,1670193886
408,nantucket,41.2835,-70.0995,39.31,64,0,5.75,US,1670193672
409,gradacac,44.8808,18.4269,38.59,93,73,2.71,BA,1670193887
410,jacareacanga,-6.2222,-57.7528,75.61,93,74,0.69,BR,1670193887
411,erzin,36.9559,36.2,56.68,56,2,3.53,TR,1670193887
412,boa vista,2.8197,-60.6733,71.58,100,75,3.44,BR,1670193888
413,miranda,3.2499,-76.2281,69.93,94,82,1.12,CO,1670193888
414,vila do maio,15.1333,-23.2167,70.59,64,60,6.87,CV,1670193889
415,san patricio,28.017,-97.5169,68.09,74,93,6.02,US,1670193889
416,abbeville,50.1,1.8333,37.26,86,100,5.41,FR,1670193507
417,senanga,-16.1167,23.2667,73.45,38,16,3.58,ZM,1670193890
418,makakilo city,21.3469,-158.0858,79.45,63,75,10.36,US,1670193890
419,irbil,36.1926,44.0106,46.22,100,22,4.61,IQ,1670193890
420,singkang,2.1006,102.7994,74.79,95,100,2.13,MY,1670193891
421,inuvik,68.3499,-133.7218,-6.74,77,40,10.36,CA,1670193891
422,show low,34.2542,-110.0298,51.08,97,100,11.5,US,1670193892
423,stillwater,36.1156,-97.0584,53.87,57,0,6.91,US,1670193892
424,pastavy,55.1168,26.8326,22.17,86,100,10.71,BY,1670193892
425,lashio,22.9333,97.75,54.0,84,3,2.04,MM,1670193893
426,baghdad,33.3406,44.4009,55.31,100,88,8.05,IQ,1670193876
427,codrington,-38.2667,141.9667,56.12,79,100,17.67,AU,1670193893
428,mackay,-21.15,149.2,83.68,67,0,3.2,AU,1670193894
429,kargil,34.5667,76.1,20.61,38,84,2.71,IN,1670193894
430,liepaja,56.5419,21.0367,31.98,93,100,9.22,LV,1670193895
431,rosarito,32.3333,-117.0333,73.42,74,11,8.66,MX,1670193629
432,daru,-9.0763,143.2092,84.78,61,89,4.25,PG,1670193895
433,visnes,59.3556,5.2242,32.22,80,100,8.05,NO,1670193896
434,maragheh,37.3917,46.2398,32.63,68,95,10.2,IR,1670193896
435,ambovombe,-25.1667,46.0833,73.99,83,85,4.09,MG,1670193897
436,yenagoa,4.9247,6.2642,77.52,89,18,5.59,NG,1670193897
437,naze,28.3667,129.4833,65.32,88,81,15.66,JP,1670193897
438,muscat,23.6139,58.5922,71.62,60,0,2.48,OM,1670193602
439,hoima,1.4356,31.3436,64.51,94,100,1.74,UG,1670193898
440,strai,58.2,7.9,30.79,69,75,11.5,NO,1670193899
441,kashi,39.4547,75.9797,20.41,49,20,6.71,CN,1670193899
442,helena,46.5927,-112.0361,33.17,61,75,4.0,US,1670193660
443,tshane,-24.0196,21.8684,83.03,22,45,10.96,BW,1670193900
444,ostersund,63.1792,14.6357,19.62,100,100,45.99,SE,1670193900
445,byron bay,-28.65,153.6167,74.71,68,77,9.98,AU,1670193888
446,comodoro rivadavia,-45.8667,-67.5,73.26,25,20,17.27,AR,1670193901
447,nenjiang,49.1833,125.2167,-17.1,94,11,5.84,CN,1670193901
448,bafoulabe,13.8065,-10.8321,82.62,20,96,3.29,ML,1670193901
449,nadym,65.5333,72.5167,22.84,89,100,13.09,RU,1670193902
450,bharwari,25.55,81.5,57.29,50,61,1.14,IN,1670193902
451,birjand,32.8663,59.2211,36.07,51,0,9.22,IR,1670193903
452,apatou,5.155,-54.3472,72.72,98,98,0.45,GF,1670193904
453,alihe,50.5667,123.7167,-18.35,97,21,3.51,CN,1670193904
454,mikhaylovka,50.06,43.2379,10.78,77,2,6.98,RU,1670193905
455,ambajogai,18.7333,76.3833,67.77,65,75,6.49,IN,1670193905
456,pisco,-13.7,-76.2167,69.85,73,0,14.97,PE,1670193906
457,alegrete,-29.7831,-55.7919,81.25,54,28,15.39,BR,1670193843
458,guadalupe y calvo,26.1,-106.9667,65.66,36,40,7.0,MX,1670193906
459,namatanai,-3.6667,152.4333,81.99,76,100,5.48,PG,1670193907
460,kokopo,-4.352,152.2633,81.7,75,92,5.82,PG,1670193907
461,iqaluit,63.7506,-68.5145,28.13,100,100,12.66,CA,1670193908
462,santa,17.486,120.4348,75.4,79,68,5.14,PH,1670193908
463,besikduzu,41.052,39.2284,53.49,87,97,0.16,TR,1670193908
464,walvis bay,-22.9575,14.5053,60.1,77,10,3.44,NA,1670193909
465,lesnoy,57.6198,63.0784,9.66,98,97,5.75,RU,1670193909
466,hay river,60.8156,-115.7999,4.98,61,75,14.97,CA,1670193746
467,yeniseysk,58.4497,92.1703,-14.12,100,42,2.15,RU,1670193910
468,curillo,1.0333,-75.9191,79.16,76,88,1.03,CO,1670193911
469,dhidhdhoo,6.8833,73.1,77.79,81,100,2.13,MV,1670193911
470,lins,-21.6786,-49.7425,70.2,96,100,5.14,BR,1670193912
471,lattes,43.5675,3.9046,38.41,93,0,2.3,FR,1670193912
472,kinablangan,7.6947,126.5503,77.4,87,100,0.92,PH,1670193913
473,northam,51.0333,-4.2167,40.39,76,100,13.6,GB,1670193913
474,gamba,-2.65,10.0,76.89,90,100,5.19,GA,1670193914
475,nador,35.174,-2.9287,57.45,94,20,2.3,MA,1670193914
476,sistranda,63.7256,8.834,30.16,72,100,16.28,NO,1670193915
477,kavaratti,10.5669,72.642,81.34,77,92,7.67,IN,1670193915
478,wuning,29.2589,120.2311,43.11,92,100,5.17,CN,1670193916
479,sydney,-33.8679,151.2073,78.62,64,0,8.05,AU,1670193675
480,santa cruz,-17.8,-63.1667,96.85,28,40,8.05,BO,1670193904
481,mathbaria,22.2876,89.9593,61.18,80,1,5.59,BD,1670193917
482,tottori,35.5,134.2333,48.27,61,75,6.91,JP,1670193917
483,san,13.3034,-4.8956,83.73,31,100,7.34,ML,1670193699
484,petropavlovsk-kamchatskiy,53.0452,158.6483,1.99,60,0,8.95,RU,1670193918
485,colares,38.7992,-9.4469,57.76,88,99,8.01,PT,1670193918
486,ciudad bolivar,8.1222,-63.5497,82.74,59,91,5.46,VE,1670193918
487,novikovo,51.1537,37.8879,16.65,68,18,9.26,RU,1670193919
488,tura,25.5198,90.2201,59.14,85,0,3.78,IN,1670193919
489,chicama,-7.8447,-79.1469,66.74,70,5,7.27,PE,1670193920
490,sabha,27.0377,14.4283,66.7,23,1,9.69,LY,1670193920
491,zaysan,47.4667,84.8667,10.65,94,100,0.74,KZ,1670193921
492,marshall,34.3834,-86.3333,53.42,59,0,3.44,US,1670193465
493,savannakhet,16.566,104.751,69.75,83,28,13.29,LA,1670193921
494,egvekinot,66.3167,-179.1667,27.37,99,100,5.99,RU,1670193922
495,rio grande,-32.035,-52.0986,77.11,88,12,11.74,BR,1670193922
496,timmins,48.4669,-81.3331,17.42,86,100,2.3,CA,1670193923
497,lyubech,51.7026,30.6569,18.39,71,99,10.6,UA,1670193923
498,cheney,47.4874,-117.5758,25.99,79,75,6.91,US,1670193738
499,ormara,25.2088,64.6357,72.93,61,0,7.43,PK,1670193924
500,ulladulla,-35.35,150.4667,79.66,46,10,4.7,AU,1670193924
501,ialibu,-6.2821,143.9935,62.87,80,94,2.75,PG,1670193925
502,rajgurunagar,18.8667,73.9,73.99,68,99,2.91,IN,1670193925
503,abnub,27.2696,31.1511,59.22,66,0,10.49,EG,1670193926
504,bereznik,62.8551,42.7072,11.28,88,89,6.89,RU,1670193926
505,ngudu,-2.9667,33.3333,66.99,83,100,5.17,TZ,1670193927
506,tiarei,-17.5333,-149.3333,86.02,79,16,15.55,PF,1670193927
507,agua branca,-5.8922,-42.6361,78.69,57,96,4.45,BR,1670193928
508,vaitape,-16.5167,-151.75,80.35,76,14,14.79,PF,1670193928
509,fruitvale,39.0817,-108.4968,51.91,52,20,10.36,US,1670193929
510,sibu,2.3,111.8167,73.71,100,40,3.44,MY,1670193929
511,tananger,58.9333,5.6,31.32,82,0,0.0,NO,1670193930
512,benghazi,32.1167,20.0667,65.12,56,86,14.61,LY,1670193930
513,zeya,53.75,127.2667,-15.59,97,94,1.61,RU,1670193932
514,hauterive,46.0901,3.4459,34.56,98,99,2.66,FR,1670193933
515,sobolevo,54.4299,31.8996,14.32,87,100,9.42,RU,1670193933
516,santa isabel do rio negro,-0.4139,-65.0192,74.97,96,90,3.09,BR,1670193934
517,koroni,36.8,21.95,59.07,74,25,11.27,GR,1670193934
518,luba,3.4568,8.5547,80.33,84,12,8.23,GQ,1670193935
519,sao gabriel da cachoeira,-0.1303,-67.0892,74.12,96,97,1.12,BR,1670193935
520,hirna,9.2167,41.1,57.2,49,16,1.88,ET,1670193935
521,teknaf,20.8624,92.3058,69.21,77,22,7.18,BD,1670193936
522,tarancon,40.0085,-3.0073,43.21,85,30,4.25,ES,1670193936
523,half moon bay,37.4636,-122.4286,62.82,73,40,12.66,US,1670193937
524,barra patuca,15.8,-84.2833,77.86,79,24,13.65,HN,1670193937
525,bubaque,11.2833,-15.8333,79.9,69,96,13.87,GW,1670193938
526,kamenka,51.3223,42.7678,14.32,68,2,5.91,RU,1670193938
527,fujin,47.26,132.0322,-0.44,86,7,9.31,CN,1670193938
528,almenara,-16.1836,-40.6944,69.89,98,100,3.87,BR,1670193939
529,troitskoye,52.9821,84.6757,7.86,90,100,3.13,RU,1670193939
530,myitkyina,25.3833,97.4,56.75,75,1,2.62,MM,1670193940
531,tucurui,-3.7661,-49.6725,75.04,92,96,2.84,BR,1670193940
532,mbabane,-26.3167,31.1333,61.3,98,46,3.33,SZ,1670193940
533,adeje,28.1227,-16.726,70.56,79,40,16.11,ES,1670193941
534,lakes entrance,-37.8811,147.981,67.46,66,100,6.11,AU,1670193942
535,batemans bay,-35.7167,150.1833,81.93,41,26,2.98,AU,1670193942
536,black river,18.0264,-77.8487,76.3,64,34,7.9,JM,1670193942
537,ichchapuram,19.1167,84.7,67.95,85,8,5.55,IN,1670193943
538,plettenberg bay,-34.0527,23.3716,57.11,85,42,6.93,ZA,1670193943
539,tateyama,34.9833,139.8667,52.11,81,100,17.76,JP,1670193944
540,along,28.1667,94.7667,52.05,72,0,1.72,IN,1670193944
541,salalah,17.0151,54.0924,75.29,73,40,3.44,OM,1670193944
542,paragominas,-2.9667,-47.4833,74.43,87,100,2.57,BR,1670193833
543,mount gambier,-37.8333,140.7667,56.21,76,100,12.5,AU,1670193945
544,wasilla,61.5814,-149.4394,24.73,85,20,3.44,US,1670193817
545,kapit,2.0167,112.9333,72.09,97,100,0.87,MY,1670193656
546,necochea,-38.5473,-58.7368,61.14,85,19,7.31,AR,1670193946
547,nouadhibou,20.931,-17.0347,66.18,88,0,6.91,MR,1670193946
548,tenali,16.2425,80.6398,72.05,96,16,5.35,IN,1670193947
549,gizo,-8.103,156.8419,83.05,75,100,12.93,SB,1670193947
550,panama city,8.9936,-79.5197,80.55,79,75,6.91,PA,1670193704
551,lumphat,13.4878,106.9816,70.09,92,26,4.0,KH,1670193948
552,zheleznodorozhnyy,55.7503,38.0042,14.43,89,92,5.28,RU,1670193948
553,ankpa,7.3706,7.6253,78.31,42,12,2.86,NG,1670193949
554,banda aceh,5.5577,95.3222,78.42,80,100,8.86,ID,1670193949
555,anupgarh,29.1911,73.2086,61.65,26,0,5.55,IN,1670193950
556,diamantino,-14.4086,-56.4461,73.78,85,98,4.18,BR,1670193950
557,okmulgee,35.6234,-95.9605,46.26,61,75,10.36,US,1670193950
558,brenes,37.5494,-5.8714,57.85,91,20,2.3,ES,1670193951
559,port blair,11.6667,92.75,79.93,80,98,13.09,IN,1670193952
560,boguchany,58.3814,97.4531,-5.76,98,70,5.23,RU,1670193952
561,greymouth,-42.4667,171.2,58.91,75,93,6.04,NZ,1670193953
562,atyrau,47.1167,51.8833,3.22,72,0,4.47,KZ,1670193953
563,manadhoo,5.7667,73.3833,78.19,80,100,6.44,MV,1670193954
564,alyangula,-13.8483,136.4192,84.51,68,74,10.31,AU,1670193954
565,sioux lookout,50.1001,-91.917,12.27,85,100,10.36,CA,1670193954
566,mundo nuevo,18.7,-95.5,76.05,81,93,11.23,MX,1670193955
567,pedernales,18.0384,-71.744,76.26,76,1,0.16,DO,1670193955
568,vysokogornyy,50.1167,139.15,-12.68,93,95,8.01,RU,1670193955
569,mayya,61.7333,130.2811,-33.48,99,100,4.27,RU,1670193956
